Column,Mean,Std_Dev,RSD,Median,Max,Min
Label,3.3515,0.9843,29.37,4.0,4.0,0.0
533,0.6097,0.2694,44.18,0.6885,1.0,0.0
0,0.1453,0.2616,179.99,0.0127,0.9999999999999999,0.0
532,0.3892,0.2452,63.01,0.3694,1.0,0.0
7,0.1202,0.2112,175.67,0.0234,0.9999999999999999,0.0
Conf,0.7366,0.2087,28.33,0.6697,1.0,0.3333
537,0.4232,0.2017,47.67,0.3974,1.0,0.0
516,0.3399,0.1713,50.41,0.3214,1.0,0.0
523,0.57,0.158,27.72,0.573,1.0,0.0
517,0.4207,0.1501,35.68,0.4188,0.9999999999999999,0.0
535,0.4361,0.1395,32.0,0.4388,0.9999999999999999,0.0
522,0.5247,0.1389,26.47,0.5304,0.9999999999999998,0.0
515,0.255,0.1351,52.99,0.2327,1.0000000000000002,0.0
518,0.25,0.1342,53.67,0.2276,0.9999999999999999,0.0
199,0.0535,0.1334,249.48,0.0034,1.0,0.0
538,0.2242,0.1251,55.82,0.2077,1.0,0.0
536,0.2213,0.125,56.47,0.2049,0.9999999999999999,0.0
6,0.0617,0.1233,199.74,0.0106,1.0,0.0
534,0.2651,0.1224,46.14,0.2505,1.0,0.0
5,0.06,0.1182,196.97,0.0099,1.0,0.0
520,0.7408,0.1175,15.86,0.7596,1.0,0.0
4,0.0573,0.1145,199.67,0.0093,1.0,0.0
198,0.043,0.1112,258.84,0.002,1.0,0.0
56,0.0488,0.1104,226.48,0.0064,1.0,0.0
519,0.8912,0.1036,11.63,0.9219,1.0,0.0
20,0.0577,0.0999,173.2,0.0156,1.0,0.0
11,0.0536,0.0987,184.08,0.0123,1.0,0.0
14,0.0456,0.0975,213.56,0.0078,0.9999999999999999,0.0
58,0.0379,0.0965,254.82,0.0016,1.0,0.0
3,0.0458,0.0965,210.45,0.0065,0.9999999999999999,0.0
63,0.0215,0.0962,447.42,0.0,1.0,0.0
15,0.0403,0.0961,238.69,0.0049,1.0,0.0
57,0.0382,0.0954,250.15,0.0027,1.0,0.0
13,0.0492,0.095,192.95,0.0107,1.0,0.0
197,0.0372,0.094,252.9,0.0024,0.9999999999999999,0.0
1,0.0357,0.0938,262.87,0.0034,1.0,0.0
19,0.0541,0.0926,171.29,0.0156,1.0,0.0
12,0.05,0.0916,183.18,0.0118,1.0,0.0
2,0.0393,0.0908,230.89,0.0049,1.0,0.0
21,0.0469,0.0901,192.07,0.0104,1.0,0.0
207,0.026,0.0894,343.44,0.0001,1.0,0.0
36,0.0472,0.0893,189.12,0.0091,1.0,0.0
28,0.0489,0.0879,179.65,0.0122,1.0,0.0
37,0.04,0.0878,219.78,0.005,0.9999999999999999,0.0
23,0.0333,0.086,258.54,0.0026,1.0,0.0
29,0.0432,0.0855,198.01,0.0081,0.9999999999999999,0.0
22,0.0398,0.0854,214.54,0.0062,1.0,0.0
42,0.0439,0.0852,194.21,0.0081,1.0,0.0
514,0.912,0.0852,9.34,0.9379,1.0,0.0
27,0.0476,0.0843,177.13,0.0132,1.0,0.0
34,0.0472,0.084,177.75,0.0122,1.0,0.0
35,0.0458,0.0836,182.48,0.0111,0.9999999999999999,0.0
18,0.0463,0.0834,180.06,0.0127,1.0,0.0
205,0.0288,0.0829,287.86,0.0011,1.0,0.0
206,0.0273,0.0825,302.05,0.0004,1.0,0.0
60,0.029,0.0824,284.1,0.0002,1.0,0.0
26,0.047,0.0811,172.61,0.0135,1.0,0.0
30,0.0346,0.08,231.58,0.0039,1.0,0.0
51,0.0337,0.0799,236.68,0.0028,1.0,0.0
521,0.1022,0.0795,77.75,0.0818,1.0,0.0
59,0.0292,0.079,269.94,0.0006,0.9999999999999999,0.0
9,0.0364,0.0773,212.25,0.0068,1.0,0.0
135,0.0262,0.0766,291.85,0.0021,0.9999999999999999,0.0
62,0.0205,0.0765,373.43,0.0,1.0,0.0
61,0.024,0.0762,317.71,0.0,0.9999999999999999,0.0
10,0.0379,0.0758,199.97,0.0078,1.0,0.0
215,0.0182,0.0752,413.12,0.0,0.9999999999999999,0.0
196,0.0286,0.075,262.61,0.002,1.0,0.0
204,0.0283,0.0749,265.06,0.0016,0.9999999999999999,0.0
33,0.0387,0.0748,193.42,0.0094,0.9999999999999999,0.0
120,0.0246,0.0741,301.16,0.0019,0.9999999999999999,0.0
17,0.0386,0.0737,190.78,0.009,0.9999999999999999,0.0
43,0.0362,0.0732,202.26,0.0058,1.0,0.0
25,0.0385,0.073,189.41,0.0099,1.0,0.0
223,0.0148,0.0728,492.43,0.0,0.9999999999999999,0.0
73,0.0258,0.072,278.4,0.0024,1.0,0.0
214,0.0198,0.0713,360.02,0.0,1.0,0.0
44,0.0333,0.0704,211.59,0.004,1.0,0.0
41,0.0341,0.0702,205.5,0.0067,1.0,0.0
31,0.0253,0.0698,276.37,0.001,1.0,0.0
45,0.0282,0.0692,245.22,0.0019,1.0,0.0
39,0.0219,0.069,315.23,0.0002,1.0,0.0
211,0.0235,0.0689,293.07,0.0009,1.0,0.0
524,0.9672,0.0687,7.1,0.9903,1.0,0.0
71,0.0222,0.0684,308.56,0.0027,1.0,0.0
47,0.0193,0.0677,349.77,0.0,1.0,0.0
49,0.0302,0.0673,223.28,0.0041,1.0,0.0
40,0.0285,0.0669,234.72,0.0052,0.9999999999999999,0.0
219,0.0199,0.0665,334.31,0.0003,1.0,0.0
213,0.0204,0.0662,323.99,0.0002,1.0,0.0
230,0.0136,0.0661,485.11,0.0,1.0,0.0
203,0.0252,0.0659,261.92,0.0016,1.0,0.0
195,0.0233,0.0658,282.15,0.0016,1.0,0.0
70,0.0202,0.0655,324.55,0.0013,0.9999999999999999,0.0
46,0.0231,0.0655,283.6,0.0005,1.0,0.0
209,0.0231,0.0654,282.92,0.0013,1.0,0.0
52,0.025,0.0651,260.77,0.0013,1.0,0.0
222,0.0157,0.0645,411.42,0.0,1.0,0.0
212,0.0206,0.0642,311.07,0.0005,0.9999999999999999,0.0
54,0.0187,0.0641,343.6,0.0001,0.9999999999999999,0.0
220,0.0183,0.0637,347.35,0.0001,1.0,0.0
201,0.0227,0.0636,280.81,0.0016,1.0,0.0
231,0.0113,0.0635,561.15,0.0,0.9999999999999999,0.0
248,0.0186,0.0632,338.78,0.001,1.0,0.0
210,0.0217,0.0626,288.04,0.0011,1.0,0.0
38,0.0251,0.062,247.36,0.0016,1.0,0.0
512,0.0155,0.0617,397.1,0.0013,1.0,0.0
229,0.0142,0.0617,434.33,0.0,1.0,0.0
32,0.0259,0.061,235.49,0.0051,1.0,0.0
221,0.0165,0.0605,365.84,0.0,1.0,0.0
218,0.0188,0.0605,321.09,0.0005,1.0,0.0
104,0.0184,0.0604,327.65,0.0015,1.0,0.0
134,0.0173,0.0603,347.92,0.0008,0.9999999999999999,0.0
98,0.0178,0.0603,339.54,0.0001,1.0,0.0
55,0.0152,0.0603,397.88,0.0,0.9999999999999999,0.0
50,0.0273,0.0595,217.92,0.0033,1.0,0.0
68,0.0215,0.0588,273.61,0.0021,1.0,0.0
225,0.0157,0.0585,372.3,0.0003,1.0,0.0
260,0.019,0.0585,307.25,0.0014,1.0,0.0
67,0.0207,0.0581,280.36,0.0019,1.0,0.0
69,0.0195,0.0579,297.23,0.0016,1.0,0.0
99,0.0147,0.0567,384.47,0.0,1.0,0.0
202,0.0224,0.0567,253.22,0.0017,1.0,0.0
53,0.0197,0.0567,287.8,0.0004,1.0,0.0
513,0.0561,0.0564,100.48,0.0397,0.9999999999999998,0.0
133,0.0174,0.0556,318.99,0.001,1.0,0.0
121,0.0128,0.0555,434.52,0.0,1.0,0.0
250,0.0092,0.0552,599.49,0.0,1.0,0.0
90,0.0163,0.0552,339.7,0.0002,1.0,0.0
74,0.0202,0.0542,267.81,0.0016,1.0,0.0
228,0.0134,0.0542,404.93,0.0,0.9999999999999999,0.0
75,0.0177,0.0542,306.14,0.001,1.0,0.0
122,0.011,0.054,491.85,0.0,1.0,0.0
81,0.0187,0.0539,288.91,0.0012,1.0,0.0
251,0.0088,0.0539,610.96,0.0,1.0,0.0
82,0.0171,0.0538,313.84,0.0006,1.0,0.0
139,0.0145,0.0536,370.59,0.0004,1.0,0.0
194,0.0184,0.0536,290.82,0.0013,0.9999999999999999,0.0
89,0.0174,0.0536,307.35,0.0007,1.0,0.0
171,0.0074,0.0529,713.9,0.0,1.0,0.0
227,0.0131,0.0528,403.45,0.0,1.0,0.0
131,0.0172,0.0525,304.74,0.0012,0.9999999999999999,0.0
252,0.0081,0.0525,648.3,0.0,1.0,0.0
226,0.0137,0.0523,382.28,0.0001,1.0,0.0
237,0.0102,0.052,509.65,0.0,1.0,0.0
208,0.0154,0.0515,334.6,0.0016,1.0,0.0
83,0.0151,0.0513,341.05,0.0002,1.0,0.0
238,0.0086,0.0511,592.22,0.0,0.9999999999999999,0.0
16,0.0212,0.0509,239.81,0.0038,1.0,0.0
224,0.0147,0.0509,345.69,0.0017,1.0,0.0
249,0.0091,0.0509,558.22,0.0,1.0,0.0
236,0.0112,0.0506,450.36,0.0,0.9999999999999999,0.0
325,0.0152,0.0506,333.08,0.0011,1.0,0.0
253,0.007,0.0505,719.39,0.0,1.0,0.0
234,0.0111,0.0501,453.34,0.0,1.0,0.0
263,0.0149,0.05,336.51,0.0013,1.0,0.0
66,0.0163,0.05,306.23,0.0015,0.9999999999999999,0.0
161,0.0101,0.0498,493.75,0.0,1.0,0.0
235,0.0107,0.0498,466.55,0.0,1.0,0.0
132,0.0168,0.0498,295.88,0.0013,1.0,0.0
123,0.0085,0.0497,584.99,0.0,1.0,0.0
115,0.0107,0.0497,463.76,0.0,1.0,0.0
255,0.0049,0.0496,1014.58,0.0,1.0,0.0
100,0.0106,0.0493,464.86,0.0,1.0,0.0
142,0.0088,0.0493,559.66,0.0,1.0,0.0
92,0.0114,0.0491,429.28,0.0,0.9999999999999999,0.0
91,0.0132,0.0491,372.06,0.0,1.0,0.0
239,0.007,0.049,704.82,0.0,1.0,0.0
78,0.0094,0.0486,514.1,0.0001,1.0,0.0
107,0.0115,0.0485,420.96,0.0,1.0,0.0
217,0.0148,0.0484,327.17,0.0006,1.0,0.0
93,0.0089,0.0484,541.58,0.0,1.0,0.0
193,0.0158,0.0482,305.53,0.0012,1.0,0.0
338,0.0118,0.0481,408.47,0.0004,1.0,0.0
245,0.0075,0.0481,643.29,0.0,1.0,0.0
97,0.0143,0.0478,335.15,0.0002,1.0,0.0
88,0.0154,0.0478,309.91,0.0014,1.0,0.0
114,0.0114,0.0477,418.27,0.0,0.9999999999999999,0.0
246,0.0065,0.0475,726.64,0.0,0.9999999999999999,0.0
8,0.0172,0.0472,275.08,0.0023,1.0,0.0
24,0.0192,0.0468,243.16,0.0034,1.0,0.0
138,0.0143,0.0466,326.55,0.0006,0.9999999999999999,0.0
254,0.0053,0.0465,880.17,0.0,1.0,0.0
48,0.0187,0.0459,244.91,0.0026,1.0,0.0
106,0.0116,0.0459,394.6,0.0,1.0,0.0
124,0.0067,0.0458,686.25,0.0,0.9999999999999999,0.0
525,0.0555,0.0457,82.3,0.0456,1.0,0.0
113,0.0115,0.0456,396.99,0.0,1.0,0.0
76,0.0132,0.0454,344.32,0.0005,1.0,0.0
330,0.0126,0.0454,360.63,0.0008,1.0,0.0
140,0.011,0.0453,411.31,0.0002,1.0,0.0
244,0.0075,0.0453,607.18,0.0,1.0,0.0
80,0.0135,0.0452,335.34,0.0015,1.0,0.0
85,0.0092,0.0452,492.32,0.0,0.9999999999999999,0.0
327,0.0119,0.045,377.27,0.0009,1.0,0.0
145,0.0124,0.0436,353.01,0.0004,1.0,0.0
243,0.0077,0.0435,563.77,0.0,1.0,0.0
200,0.013,0.0435,333.76,0.0011,1.0,0.0
86,0.0075,0.0435,582.72,0.0,1.0,0.0
84,0.0111,0.0435,392.96,0.0001,1.0,0.0
276,0.0057,0.043,752.68,0.0,1.0,0.0
96,0.0134,0.043,322.01,0.0014,1.0,0.0
129,0.0126,0.0429,340.25,0.001,1.0,0.0
240,0.0109,0.0428,391.82,0.0007,1.0,0.0
247,0.0046,0.0427,929.0,0.0,1.0,0.0
116,0.0077,0.0426,553.63,0.0,1.0,0.0
143,0.0064,0.0426,662.17,0.0,1.0,0.0
108,0.0088,0.0425,485.96,0.0,1.0,0.0
137,0.0132,0.0423,319.46,0.0008,1.0,0.0
323,0.0124,0.0423,342.09,0.001,1.0,0.0
141,0.0086,0.0422,488.87,0.0001,0.9999999999999999,0.0
152,0.0109,0.042,384.86,0.0009,0.9999999999999999,0.0
72,0.0129,0.042,325.61,0.0014,1.0,0.0
262,0.0107,0.042,392.12,0.0005,1.0,0.0
241,0.0081,0.0418,513.23,0.0,1.0,0.0
332,0.0091,0.0418,460.85,0.0003,0.9999999999999999,0.0
216,0.0113,0.0407,360.3,0.001,1.0,0.0
105,0.0112,0.0404,360.38,0.0001,1.0,0.0
346,0.0082,0.0402,489.93,0.0002,1.0,0.0
273,0.0077,0.0402,522.29,0.0002,0.9999999999999999,0.0
266,0.0093,0.0401,428.96,0.0003,1.0,0.0
242,0.0073,0.04,550.47,0.0,1.0,0.0
109,0.0057,0.0396,693.13,0.0,0.9999999999999999,0.0
377,0.0067,0.0395,590.43,0.0,1.0,0.0
268,0.0069,0.0395,569.01,0.0001,1.0,0.0
130,0.0118,0.0395,334.05,0.0009,1.0,0.0
65,0.0125,0.0393,314.42,0.0012,1.0,0.0
233,0.0087,0.0393,451.04,0.0001,1.0,0.0
326,0.0098,0.0389,394.6,0.0005,1.0,0.0
77,0.0094,0.0385,410.54,0.0002,1.0,0.0
376,0.0098,0.0385,393.46,0.0005,1.0,0.0
169,0.0064,0.0382,598.69,0.0,1.0,0.0
136,0.0103,0.0381,370.95,0.0008,1.0,0.0
160,0.0106,0.038,358.63,0.001,1.0,0.0
64,0.0127,0.038,300.39,0.0014,1.0,0.0
374,0.0053,0.0378,710.34,0.0,0.9999999999999999,0.0
177,0.0058,0.0375,643.2,0.0,0.9999999999999999,0.0
162,0.0062,0.0375,602.76,0.0,1.0,0.0
147,0.0081,0.0374,460.47,0.0,1.0,0.0
155,0.0063,0.0374,590.62,0.0,1.0,0.0
272,0.0091,0.0372,407.96,0.0011,1.0,0.0
144,0.0099,0.0372,376.96,0.001,1.0,0.0
232,0.0107,0.0372,347.75,0.0011,1.0,0.0
333,0.0074,0.037,498.01,0.0001,0.9999999999999999,0.0
188,0.0034,0.037,1092.62,0.0,1.0,0.0
368,0.0084,0.0369,436.8,0.0006,1.0,0.0
172,0.0041,0.0369,906.43,0.0,1.0,0.0
170,0.0055,0.0369,666.55,0.0,1.0,0.0
146,0.0087,0.0367,423.98,0.0001,1.0,0.0
342,0.0051,0.0363,715.4,0.0,1.0,0.0
269,0.0051,0.0362,709.55,0.0,1.0,0.0
101,0.0063,0.0362,578.72,0.0,1.0,0.0
178,0.0046,0.036,789.45,0.0,1.0,0.0
355,0.0069,0.0357,519.04,0.0,1.0,0.0
371,0.0061,0.0357,582.17,0.0,1.0,0.0
125,0.0039,0.0356,912.28,0.0,1.0,0.0
334,0.0067,0.0356,534.64,0.0,1.0,0.0
322,0.0104,0.0353,340.54,0.0009,1.0,0.0
331,0.0085,0.0352,412.38,0.0004,1.0,0.0
261,0.0103,0.0352,343.15,0.0006,1.0,0.0
87,0.0041,0.0349,857.27,0.0,1.0,0.0
154,0.0069,0.0348,505.48,0.0,1.0,0.0
157,0.0047,0.0347,732.4,0.0,1.0,0.0
329,0.01,0.0344,344.72,0.0009,1.0,0.0
340,0.0064,0.0343,538.4,0.0001,1.0,0.0
378,0.0058,0.0342,588.44,0.0,1.0,0.0
164,0.0045,0.034,764.39,0.0,1.0,0.0
258,0.01,0.0338,339.37,0.0008,1.0,0.0
259,0.01,0.0335,334.8,0.0008,1.0,0.0
354,0.0062,0.0335,536.66,0.0001,1.0,0.0
153,0.0071,0.0335,469.43,0.0001,1.0,0.0
163,0.0049,0.0334,681.13,0.0,0.9999999999999999,0.0
379,0.0055,0.0333,603.35,0.0,1.0,0.0
345,0.007,0.0331,476.94,0.0003,1.0,0.0
168,0.0079,0.0329,417.46,0.0006,1.0,0.0
270,0.0041,0.0329,804.81,0.0,1.0,0.0
347,0.0061,0.0327,540.19,0.0,1.0,0.0
156,0.0053,0.0326,619.77,0.0,1.0,0.0
257,0.0095,0.0323,339.15,0.0009,1.0,0.0
187,0.0033,0.0321,978.03,0.0,1.0,0.0
359,0.0037,0.0321,856.86,0.0,1.0,0.0
349,0.005,0.032,644.84,0.0,1.0,0.0
117,0.0041,0.0319,782.52,0.0,0.9999999999999999,0.0
151,0.0035,0.0319,909.68,0.0,1.0,0.0
353,0.0062,0.0318,511.71,0.0002,1.0,0.0
375,0.0033,0.0316,965.15,0.0,1.0,0.0
275,0.0045,0.0316,699.37,0.0,1.0,0.0
184,0.0071,0.0313,442.48,0.0004,1.0,0.0
267,0.0067,0.0312,467.27,0.0001,1.0,0.0
336,0.0067,0.0311,464.09,0.0007,1.0,0.0
94,0.0044,0.0311,713.46,0.0,1.0,0.0
186,0.0031,0.031,1002.7,0.0,1.0,0.0
380,0.0042,0.0309,736.95,0.0,1.0,0.0
112,0.008,0.0308,384.85,0.0004,0.9999999999999999,0.0
265,0.008,0.0308,385.93,0.0005,0.9999999999999999,0.0
150,0.0035,0.0304,862.15,0.0,1.0,0.0
360,0.0072,0.0303,422.53,0.0007,1.0,0.0
280,0.0066,0.0302,459.18,0.0006,1.0,0.0
321,0.0078,0.0302,386.38,0.0007,1.0,0.0
189,0.0022,0.0301,1354.83,0.0,1.0,0.0
335,0.0037,0.0301,815.26,0.0,1.0,0.0
148,0.0059,0.0301,514.07,0.0,1.0,0.0
79,0.0046,0.03,652.08,0.0,1.0,0.0
126,0.0022,0.03,1390.36,0.0,0.9999999999999999,0.0
324,0.0084,0.0299,354.38,0.0007,1.0,0.0
179,0.0035,0.0299,846.45,0.0,1.0,0.0
312,0.0084,0.0296,350.68,0.0005,1.0,0.0
149,0.0047,0.0294,624.5,0.0,0.9999999999999999,0.0
363,0.0047,0.0293,624.15,0.0,1.0,0.0
176,0.0053,0.0292,546.29,0.0002,0.9999999999999999,0.0
382,0.0031,0.0292,927.93,0.0,1.0,0.0
373,0.0042,0.0292,701.83,0.0,1.0,0.0
277,0.0031,0.0291,948.01,0.0,1.0,0.0
95,0.0035,0.029,838.16,0.0,1.0,0.0
118,0.0027,0.0287,1058.32,0.0,1.0,0.0
357,0.0037,0.0287,780.04,0.0,1.0,0.0
344,0.006,0.0284,471.4,0.0006,1.0,0.0
274,0.0046,0.0284,619.43,0.0,1.0,0.0
361,0.0054,0.0283,520.22,0.0001,0.9999999999999999,0.0
185,0.0035,0.0283,815.33,0.0,1.0,0.0
287,0.0019,0.0282,1464.75,0.0,1.0,0.0
381,0.0033,0.0274,823.29,0.0,0.9999999999999999,0.0
281,0.004,0.0273,682.94,0.0,1.0,0.0
110,0.0028,0.0273,973.68,0.0,1.0,0.0
383,0.0022,0.0273,1217.27,0.0,1.0,0.0
288,0.0053,0.0272,508.24,0.0006,1.0,0.0
328,0.0061,0.0272,443.2,0.0006,1.0,0.0
337,0.0067,0.0271,401.97,0.0004,1.0,0.0
296,0.005,0.0271,540.28,0.0004,1.0,0.0
298,0.0026,0.0271,1033.32,0.0,0.9999999999999999,0.0
351,0.0026,0.0265,998.12,0.0,1.0,0.0
350,0.0033,0.0264,797.11,0.0,1.0,0.0
128,0.0061,0.0262,431.77,0.0004,1.0,0.0
364,0.0036,0.0261,731.02,0.0,1.0,0.0
367,0.0027,0.026,966.75,0.0,1.0,0.0
278,0.0023,0.026,1142.9,0.0,1.0,0.0
358,0.0036,0.0259,714.09,0.0,1.0,0.0
339,0.0054,0.0255,471.77,0.0001,1.0,0.0
343,0.0029,0.0255,870.54,0.0,1.0,0.0
356,0.0038,0.0254,671.13,0.0,1.0,0.0
372,0.0033,0.0249,743.8,0.0,1.0,0.0
264,0.0066,0.0249,379.36,0.0007,1.0,0.0
180,0.0023,0.0248,1080.51,0.0,1.0,0.0
127,0.0014,0.0247,1772.72,0.0,1.0,0.0
341,0.0038,0.0244,648.31,0.0,1.0,0.0
301,0.0015,0.0242,1614.51,0.0,1.0,0.0
271,0.0024,0.024,990.85,0.0,1.0,0.0
352,0.0052,0.0236,456.96,0.0006,1.0,0.0
181,0.0017,0.0235,1405.1,0.0,0.9999999999999999,0.0
320,0.0053,0.0234,441.1,0.0003,1.0,0.0
175,0.0019,0.0234,1243.11,0.0,0.9999999999999999,0.0
158,0.0023,0.0233,994.03,0.0,1.0,0.0
289,0.0028,0.0233,822.6,0.0,1.0,0.0
165,0.0025,0.0232,941.79,0.0,1.0,0.0
174,0.0018,0.023,1311.1,0.0,1.0,0.0
102,0.0029,0.0229,792.29,0.0,1.0,0.0
365,0.0031,0.0229,734.88,0.0,1.0,0.0
307,0.0014,0.0228,1685.81,0.0,1.0,0.0
290,0.0024,0.0225,929.47,0.0,1.0,0.0
166,0.0018,0.0224,1209.39,0.0,1.0,0.0
348,0.0033,0.0222,675.26,0.0,0.9999999999999999,0.0
306,0.0014,0.0222,1541.92,0.0,1.0,0.0
283,0.0025,0.0222,900.81,0.0,1.0,0.0
370,0.0032,0.0219,679.01,0.0,1.0,0.0
256,0.0061,0.0219,356.91,0.0007,1.0,0.0
302,0.0012,0.0217,1790.52,0.0,1.0,0.0
366,0.0025,0.0217,863.58,0.0,1.0,0.0
304,0.0037,0.0216,590.67,0.0002,0.9999999999999999,0.0
291,0.0019,0.0215,1136.81,0.0,1.0,0.0
305,0.0021,0.0215,1034.08,0.0,1.0,0.0
191,0.0011,0.0213,1968.74,0.0,1.0,0.0
279,0.0015,0.021,1426.23,0.0,0.9999999999999999,0.0
297,0.0022,0.0208,939.88,0.0,1.0,0.0
362,0.0031,0.0208,664.12,0.0,0.9999999999999999,0.0
192,0.0052,0.0208,397.58,0.0004,1.0,0.0
103,0.0021,0.0204,976.03,0.0,1.0,0.0
310,0.001,0.0203,1956.62,0.0,1.0,0.0
284,0.0018,0.0203,1122.56,0.0,1.0,0.0
286,0.0015,0.02,1327.38,0.0,1.0,0.0
159,0.0016,0.0199,1228.85,0.0,0.9999999999999999,0.0
111,0.0015,0.0199,1315.65,0.0,1.0,0.0
190,0.0012,0.0198,1718.01,0.0,1.0,0.0
293,0.0013,0.0193,1465.44,0.0,1.0,0.0
285,0.0015,0.0191,1254.84,0.0,1.0,0.0
282,0.0023,0.019,828.85,0.0,1.0,0.0
369,0.0026,0.0189,729.18,0.0,1.0,0.0
173,0.0015,0.0189,1224.08,0.0,1.0,0.0
299,0.0012,0.0187,1561.34,0.0,1.0,0.0
167,0.0013,0.0184,1394.14,0.0,1.0,0.0
308,0.001,0.0182,1873.53,0.0,1.0,0.0
313,0.001,0.0179,1771.43,0.0,1.0,0.0
309,0.0008,0.0179,2352.84,0.0,1.0,0.0
294,0.001,0.0174,1746.56,0.0,1.0,0.0
182,0.0008,0.0173,2169.32,0.0,1.0,0.0
292,0.0013,0.0173,1300.84,0.0,1.0,0.0
314,0.0008,0.0166,2013.05,0.0,1.0,0.0
183,0.0008,0.016,1952.94,0.0,1.0,0.0
303,0.0007,0.0158,2339.29,0.0,1.0,0.0
300,0.0009,0.0156,1743.28,0.0,1.0,0.0
119,0.001,0.0154,1539.58,0.0,1.0,0.0
316,0.0005,0.0149,2796.61,0.0,1.0,0.0
295,0.0008,0.0148,1946.72,0.0,0.9999999999999999,0.0
527,0.0003,0.0121,3749.13,0.0,1.0,0.0
526,0.0009,0.0121,1373.54,0.0001,0.9999999999999999,0.0
311,0.0003,0.0119,4148.87,0.0,1.0,0.0
319,0.0002,0.0117,5063.42,0.0,1.0,0.0
528,0.0003,0.0113,4344.92,0.0,1.0,0.0
317,0.0003,0.0112,3949.45,0.0,1.0,0.0
315,0.0004,0.011,3053.03,0.0,1.0,0.0
318,0.0002,0.0109,4688.06,0.0,1.0,0.0
530,0.0148,0.0107,72.49,0.0146,1.0,0.0
529,0.0036,0.0103,283.79,0.0035,1.0,0.0
531,0.3654,0.0077,2.1,0.3654,1.0,0.0
478,0.0,0.0,0.0,0.0,0.0,0.0
479,0.0,0.0,0.0,0.0,0.0,0.0
480,0.0,0.0,0.0,0.0,0.0,0.0
481,0.0,0.0,0.0,0.0,0.0,0.0
484,0.0,0.0,0.0,0.0,0.0,0.0
482,0.0,0.0,0.0,0.0,0.0,0.0
483,0.0,0.0,0.0,0.0,0.0,0.0
485,0.0,0.0,0.0,0.0,0.0,0.0
476,0.0,0.0,0.0,0.0,0.0,0.0
486,0.0,0.0,0.0,0.0,0.0,0.0
477,0.0,0.0,0.0,0.0,0.0,0.0
469,0.0,0.0,0.0,0.0,0.0,0.0
475,0.0,0.0,0.0,0.0,0.0,0.0
474,0.0,0.0,0.0,0.0,0.0,0.0
473,0.0,0.0,0.0,0.0,0.0,0.0
472,0.0,0.0,0.0,0.0,0.0,0.0
471,0.0,0.0,0.0,0.0,0.0,0.0
470,0.0,0.0,0.0,0.0,0.0,0.0
468,0.0,0.0,0.0,0.0,0.0,0.0
467,0.0,0.0,0.0,0.0,0.0,0.0
466,0.0,0.0,0.0,0.0,0.0,0.0
465,0.0,0.0,0.0,0.0,0.0,0.0
488,0.0,0.0,0.0,0.0,0.0,0.0
487,0.0,0.0,0.0,0.0,0.0,0.0
503,0.0,0.0,0.0,0.0,0.0,0.0
489,0.0,0.0,0.0,0.0,0.0,0.0
490,0.0,0.0,0.0,0.0,0.0,0.0
511,0.0,0.0,0.0,0.0,0.0,0.0
510,0.0,0.0,0.0,0.0,0.0,0.0
509,0.0,0.0,0.0,0.0,0.0,0.0
508,0.0,0.0,0.0,0.0,0.0,0.0
507,0.0,0.0,0.0,0.0,0.0,0.0
506,0.0,0.0,0.0,0.0,0.0,0.0
505,0.0,0.0,0.0,0.0,0.0,0.0
504,0.0,0.0,0.0,0.0,0.0,0.0
463,0.0,0.0,0.0,0.0,0.0,0.0
502,0.0,0.0,0.0,0.0,0.0,0.0
501,0.0,0.0,0.0,0.0,0.0,0.0
500,0.0,0.0,0.0,0.0,0.0,0.0
499,0.0,0.0,0.0,0.0,0.0,0.0
498,0.0,0.0,0.0,0.0,0.0,0.0
497,0.0,0.0,0.0,0.0,0.0,0.0
496,0.0,0.0,0.0,0.0,0.0,0.0
495,0.0,0.0,0.0,0.0,0.0,0.0
494,0.0,0.0,0.0,0.0,0.0,0.0
493,0.0,0.0,0.0,0.0,0.0,0.0
492,0.0,0.0,0.0,0.0,0.0,0.0
491,0.0,0.0,0.0,0.0,0.0,0.0
464,0.0,0.0,0.0,0.0,0.0,0.0
462,0.0,0.0,0.0,0.0,0.0,0.0
384,0.0,0.0,0.0,0.0,0.0,0.0
412,0.0,0.0,0.0,0.0,0.0,0.0
405,0.0,0.0,0.0,0.0,0.0,0.0
406,0.0,0.0,0.0,0.0,0.0,0.0
407,0.0,0.0,0.0,0.0,0.0,0.0
408,0.0,0.0,0.0,0.0,0.0,0.0
409,0.0,0.0,0.0,0.0,0.0,0.0
410,0.0,0.0,0.0,0.0,0.0,0.0
411,0.0,0.0,0.0,0.0,0.0,0.0
413,0.0,0.0,0.0,0.0,0.0,0.0
403,0.0,0.0,0.0,0.0,0.0,0.0
414,0.0,0.0,0.0,0.0,0.0,0.0
415,0.0,0.0,0.0,0.0,0.0,0.0
416,0.0,0.0,0.0,0.0,0.0,0.0
418,0.0,0.0,0.0,0.0,0.0,0.0
419,0.0,0.0,0.0,0.0,0.0,0.0
420,0.0,0.0,0.0,0.0,0.0,0.0
421,0.0,0.0,0.0,0.0,0.0,0.0
404,0.0,0.0,0.0,0.0,0.0,0.0
402,0.0,0.0,0.0,0.0,0.0,0.0
461,0.0,0.0,0.0,0.0,0.0,0.0
392,0.0,0.0,0.0,0.0,0.0,0.0
385,0.0,0.0,0.0,0.0,0.0,0.0
386,0.0,0.0,0.0,0.0,0.0,0.0
387,0.0,0.0,0.0,0.0,0.0,0.0
388,0.0,0.0,0.0,0.0,0.0,0.0
389,0.0,0.0,0.0,0.0,0.0,0.0
390,0.0,0.0,0.0,0.0,0.0,0.0
391,0.0,0.0,0.0,0.0,0.0,0.0
393,0.0,0.0,0.0,0.0,0.0,0.0
401,0.0,0.0,0.0,0.0,0.0,0.0
394,0.0,0.0,0.0,0.0,0.0,0.0
395,0.0,0.0,0.0,0.0,0.0,0.0
396,0.0,0.0,0.0,0.0,0.0,0.0
397,0.0,0.0,0.0,0.0,0.0,0.0
398,0.0,0.0,0.0,0.0,0.0,0.0
399,0.0,0.0,0.0,0.0,0.0,0.0
400,0.0,0.0,0.0,0.0,0.0,0.0
422,0.0,0.0,0.0,0.0,0.0,0.0
423,0.0,0.0,0.0,0.0,0.0,0.0
424,0.0,0.0,0.0,0.0,0.0,0.0
452,0.0,0.0,0.0,0.0,0.0,0.0
445,0.0,0.0,0.0,0.0,0.0,0.0
446,0.0,0.0,0.0,0.0,0.0,0.0
447,0.0,0.0,0.0,0.0,0.0,0.0
448,0.0,0.0,0.0,0.0,0.0,0.0
449,0.0,0.0,0.0,0.0,0.0,0.0
450,0.0,0.0,0.0,0.0,0.0,0.0
451,0.0,0.0,0.0,0.0,0.0,0.0
453,0.0,0.0,0.0,0.0,0.0,0.0
425,0.0,0.0,0.0,0.0,0.0,0.0
454,0.0,0.0,0.0,0.0,0.0,0.0
455,0.0,0.0,0.0,0.0,0.0,0.0
456,0.0,0.0,0.0,0.0,0.0,0.0
457,0.0,0.0,0.0,0.0,0.0,0.0
458,0.0,0.0,0.0,0.0,0.0,0.0
459,0.0,0.0,0.0,0.0,0.0,0.0
460,0.0,0.0,0.0,0.0,0.0,0.0
444,0.0,0.0,0.0,0.0,0.0,0.0
443,0.0,0.0,0.0,0.0,0.0,0.0
442,0.0,0.0,0.0,0.0,0.0,0.0
441,0.0,0.0,0.0,0.0,0.0,0.0
426,0.0,0.0,0.0,0.0,0.0,0.0
427,0.0,0.0,0.0,0.0,0.0,0.0
428,0.0,0.0,0.0,0.0,0.0,0.0
429,0.0,0.0,0.0,0.0,0.0,0.0
430,0.0,0.0,0.0,0.0,0.0,0.0
431,0.0,0.0,0.0,0.0,0.0,0.0
432,0.0,0.0,0.0,0.0,0.0,0.0
433,0.0,0.0,0.0,0.0,0.0,0.0
434,0.0,0.0,0.0,0.0,0.0,0.0
435,0.0,0.0,0.0,0.0,0.0,0.0
436,0.0,0.0,0.0,0.0,0.0,0.0
437,0.0,0.0,0.0,0.0,0.0,0.0
438,0.0,0.0,0.0,0.0,0.0,0.0
439,0.0,0.0,0.0,0.0,0.0,0.0
440,0.0,0.0,0.0,0.0,0.0,0.0
417,0.0,0.0,0.0,0.0,0.0,0.0
